id,province_id,name,alt_name,lat,lng
1101,11,KABUPATEN SIMEULUE,KABUPATEN SIMEULUE,261.667,9.608.333
1102,11,KABUPATEN ACEH SINGKIL,KABUPATEN ACEH SINGKIL,241.667,9.791.667
1103,11,KABUPATEN ACEH SELATAN,KABUPATEN ACEH SELATAN,316.667,9.741.667
1104,11,KABUPATEN ACEH TENGGARA,KABUPATEN ACEH TENGGARA,336.667,97.7
1105,11,KABUPATEN ACEH TIMUR,KABUPATEN ACEH TIMUR,463.333,9.763.333
1106,11,KABUPATEN ACEH TENGAH,KABUPATEN ACEH TENGAH,4.51,96.855
1107,11,KABUPATEN ACEH BARAT,KABUPATEN ACEH BARAT,4.45,9.616.667
1108,11,KABUPATEN ACEH BESAR,KABUPATEN ACEH BESAR,538.333,9.551.667
1109,11,KABUPATEN PIDIE,KABUPATEN PIDIE,5.08,96.11
1110,11,KABUPATEN BIREUEN,KABUPATEN BIREUEN,508.333,9.658.333
1111,11,KABUPATEN ACEH UTARA,KABUPATEN ACEH UTARA,4.97,97.14
1112,11,KABUPATEN ACEH BARAT DAYA,KABUPATEN ACEH BARAT DAYA,383.333,9.688.333
1113,11,KABUPATEN GAYO LUES,KABUPATEN GAYO LUES,3.95,97.39
1114,11,KABUPATEN ACEH TAMIANG,KABUPATEN ACEH TAMIANG,4.25,9.796.667
1115,11,KABUPATEN NAGAN RAYA,KABUPATEN NAGAN RAYA,416.667,9.651.667
1116,11,KABUPATEN ACEH JAYA,KABUPATEN ACEH JAYA,4.86,95.64
1117,11,KABUPATEN BENER MERIAH,KABUPATEN BENER MERIAH,473.015,9.686.156
1118,11,KABUPATEN PIDIE JAYA,KABUPATEN PIDIE JAYA,5.15,9.621.667
1119,11,KOTA BANDA ACEH,KOTA BANDA ACEH,554.167,9.533.333
1120,11,KOTA SABANG,KOTA SABANG,582.164,9.531.086
1121,11,KOTA LANGSA,KOTA LANGSA,4.47,97.93
1122,11,KOTA LHOKSEUMAWE,KOTA LHOKSEUMAWE,513.333,9.706.667
1123,11,KOTA SUBULUSSALAM,KOTA SUBULUSSALAM,2.75,9.793.333
1124,12,KABUPATEN NIAS,KABUPATEN NIAS,103.333,9.776.667
1125,12,KABUPATEN MANDAILING NATAL,KABUPATEN MANDAILING NATAL,0.78378,9.925.495
1126,12,KABUPATEN TAPANULI SELATAN,KABUPATEN TAPANULI SELATAN,151.667,99.25
1127,12,KABUPATEN TAPANULI TENGAH,KABUPATEN TAPANULI TENGAH,1.9,9.866.667
1128,12,KABUPATEN TAPANULI UTARA,KABUPATEN TAPANULI UTARA,20.028,990.707
1129,12,KABUPATEN TOBA SAMOSIR,KABUPATEN TOBA SAMOSIR,239.793,9.921.678
1130,12,KABUPATEN LABUHAN BATU,KABUPATEN LABUHAN BATU,226.667,100.1
1131,12,KABUPATEN ASAHAN,KABUPATEN ASAHAN,278.333,99.55
1132,12,KABUPATEN SIMALUNGUN,KABUPATEN SIMALUNGUN,2.9,99
1133,12,KABUPATEN DAIRI,KABUPATEN DAIRI,286.667,9.823.333
1134,12,KABUPATEN KARO,KABUPATEN KARO,311.667,98.3
1135,12,KABUPATEN DELI SERDANG,KABUPATEN DELI SERDANG,341.667,9.866.667
1136,12,KABUPATEN LANGKAT,KABUPATEN LANGKAT,371.667,9.821.667
1137,12,KABUPATEN NIAS SELATAN,KABUPATEN NIAS SELATAN,0.77,97.75
1138,12,KABUPATEN HUMBANG HASUNDUTAN,KABUPATEN HUMBANG HASUNDUTAN,226.551,9.850.376
1139,12,KABUPATEN PAKPAK BHARAT,KABUPATEN PAKPAK BHARAT,256.667,9.828.333
1140,12,KABUPATEN SAMOSIR,KABUPATEN SAMOSIR,264.025,9.871.525
1141,12,KABUPATEN SERDANG BEDAGAI,KABUPATEN SERDANG BEDAGAI,336.667,9.903.333
1142,12,KABUPATEN BATU BARA,KABUPATEN BATU BARA,316.166,9.952.652
1143,12,KABUPATEN PADANG LAWAS UTARA,KABUPATEN PADANG LAWAS UTARA,146.011,9.967.346
1144,12,KABUPATEN PADANG LAWAS,KABUPATEN PADANG LAWAS,144.684,9.999.207
1145,12,KABUPATEN LABUHAN BATU SELATAN,KABUPATEN LABUHAN BATU SELATAN,1.983,1.000.976
1146,12,KABUPATEN LABUHAN BATU UTARA,KABUPATEN LABUHAN BATU UTARA,233.349,9.963.776
1147,12,KABUPATEN NIAS UTARA,KABUPATEN NIAS UTARA,133.037,9.731.964
1148,12,KABUPATEN NIAS BARAT,KABUPATEN NIAS BARAT,105.966,9.758.606
1149,12,KOTA SIBOLGA,KOTA SIBOLGA,173.333,98.8
1150,12,KOTA TANJUNG BALAI,KOTA TANJUNG BALAI,295.833,9.979.167
1151,12,KOTA PEMATANG SIANTAR,KOTA PEMATANG SIANTAR,296.667,99.05
1152,12,KOTA TEBING TINGGI,KOTA TEBING TINGGI,3.325,9.914.167
1153,12,KOTA MEDAN,KOTA MEDAN,3.65,9.866.667
1154,12,KOTA BINJAI,KOTA BINJAI,3.8,10.823.333
1155,12,KOTA PADANG SIDEMPUAN,KOTA PADANG SIDEMPUAN,137.375,9.926.843
1156,12,KOTA GUNUNGSITOLI,KOTA GUNUNGSITOLI,132.731,9.755.018
1157,13,KABUPATEN KEPULAUAN MENTAWAI,KABUPATEN KEPULAUAN MENTAWAI,198.917,9.951.889
1158,13,KABUPATEN PESISIR SELATAN,KABUPATEN PESISIR SELATAN,-158.333,100.85
1159,13,KABUPATEN SOLOK,KABUPATEN SOLOK,-0.96667,10.081.667
1160,13,KABUPATEN SIJUNJUNG,KABUPATEN SIJUNJUNG,-11.827,1.016.056
1161,13,KABUPATEN TANAH DATAR,KABUPATEN TANAH DATAR,-0.4555,1.005.771
1162,13,KABUPATEN PADANG PARIAMAN,KABUPATEN PADANG PARIAMAN,-0.6,10.028.333
1163,13,KABUPATEN AGAM,KABUPATEN AGAM,-0.25,10.016.667
1164,13,KABUPATEN LIMA PULUH KOTA,KABUPATEN LIMA PULUH KOTA,-0.0168,1.005.872
1165,13,KABUPATEN PASAMAN,KABUPATEN PASAMAN,0.42503,9.994.606
1166,13,KABUPATEN SOLOK SELATAN,KABUPATEN SOLOK SELATAN,-123.333,101.417
1167,13,KABUPATEN DHARMASRAYA,KABUPATEN DHARMASRAYA,-1.05,101.367
1168,13,KABUPATEN PASAMAN BARAT,KABUPATEN PASAMAN BARAT,0.28152,9.951.965
1169,13,KOTA PADANG,KOTA PADANG,-0.98333,100.45
1170,13,KOTA SOLOK,KOTA SOLOK,-0.76667,10.061.667
1171,13,KOTA SAWAH LUNTO,KOTA SAWAH LUNTO,-0.6,100.75
1172,13,KOTA PADANG PANJANG,KOTA PADANG PANJANG,-0.45,10.043.333
1173,13,KOTA BUKITTINGGI,KOTA BUKITTINGGI,-0.275,100.375
1174,13,KOTA PAYAKUMBUH,KOTA PAYAKUMBUH,-0.23333,10.063.333
1175,13,KOTA PARIAMAN,KOTA PARIAMAN,-0.62682,10.012.047
1176,14,KABUPATEN KUANTAN SINGINGI,KABUPATEN KUANTAN SINGINGI,-0.47532,10.145.857
1177,14,KABUPATEN INDRAGIRI HULU,KABUPATEN INDRAGIRI HULU,-0.55,10.231.667
1178,14,KABUPATEN INDRAGIRI HILIR,KABUPATEN INDRAGIRI HILIR,-0.33333,10.316.667
1179,14,KABUPATEN PELALAWAN,KABUPATEN PELALAWAN,0.20822,10.218.607
1180,14,KABUPATEN SIAK,KABUPATEN SIAK,0.97453,10.201.355
1181,14,KABUPATEN KAMPAR,KABUPATEN KAMPAR,0.2344,1.012.131
1182,14,KABUPATEN ROKAN HULU,KABUPATEN ROKAN HULU,0.88333,10.048.333
1183,14,KABUPATEN BENGKALIS,KABUPATEN BENGKALIS,0.9838,1.025.096
1184,14,KABUPATEN ROKAN HILIR,KABUPATEN ROKAN HILIR,216.599,10.082.514
1185,14,KABUPATEN KEPULAUAN MERANTI,KABUPATEN KEPULAUAN MERANTI,0.97488,10.269.539
1186,14,KOTA PEKANBARU,KOTA PEKANBARU,0.53333,10.146.667
1187,14,KOTA DUMAI,KOTA DUMAI,161.592,1.014.917
1188,15,KABUPATEN KERINCI,KABUPATEN KERINCI,-203.333,10.153.333
1189,15,KABUPATEN MERANGIN,KABUPATEN MERANGIN,-206.933,10.213.303
1190,15,KABUPATEN SAROLANGUN,KABUPATEN SAROLANGUN,-2.3,102.65
1191,15,KABUPATEN BATANG HARI,KABUPATEN BATANG HARI,-1.75,10.311.667
1192,15,KABUPATEN MUARO JAMBI,KABUPATEN MUARO JAMBI,-155.214,10.382.163
1193,15,KABUPATEN TANJUNG JABUNG TIMUR,KABUPATEN TANJUNG JABUNG TIMUR,-113.198,10.361.755
1194,15,KABUPATEN TANJUNG JABUNG BARAT,KABUPATEN TANJUNG JABUNG BARAT,-11.544,10.324.402
1195,15,KABUPATEN TEBO,KABUPATEN TEBO,-145.576,10.237.473
1196,15,KABUPATEN BUNGO,KABUPATEN BUNGO,-150.222,101.96
1197,15,KOTA JAMBI,KOTA JAMBI,-161.667,103.65
1198,15,KOTA SUNGAI PENUH,KOTA SUNGAI PENUH,-210.896,10.132.175
1199,16,KABUPATEN OGAN KOMERING ULU,KABUPATEN OGAN KOMERING ULU,-413.333,10.403.333
1200,16,KABUPATEN OGAN KOMERING ILIR,KABUPATEN OGAN KOMERING ILIR,-336.667,10.536.667
1201,16,KABUPATEN MUARA ENIM,KABUPATEN MUARA ENIM,-42.327,1.036.141
1202,16,KABUPATEN LAHAT,KABUPATEN LAHAT,-37.864,1.035.428
1203,16,KABUPATEN MUSI RAWAS,KABUPATEN MUSI RAWAS,-308.333,103.2
1204,16,KABUPATEN MUSI BANYU ASIN,KABUPATEN MUSI BANYU ASIN,-241.667,103.75
1205,16,KABUPATEN BANYU ASIN,KABUPATEN BANYU ASIN,-288.333,10.438.306
1206,16,KABUPATEN OGAN KOMERING ULU SELATAN,KABUPATEN OGAN KOMERING ULU SELATAN,-465.728,10.400.659
1207,16,KABUPATEN OGAN KOMERING ULU TIMUR,KABUPATEN OGAN KOMERING ULU TIMUR,-385.679,10.475.209
1208,16,KABUPATEN OGAN ILIR,KABUPATEN OGAN ILIR,-343.186,10.462.727
1209,16,KABUPATEN EMPAT LAWANG,KABUPATEN EMPAT LAWANG,322.667,9.909.256
1210,16,KABUPATEN PENUKAL ABAB LEMATANG ILIR,KABUPATEN PENUKAL ABAB LEMATANG ILIR,-321.342,10.408.722
1211,16,KABUPATEN MUSI RAWAS UTARA,KABUPATEN MUSI RAWAS UTARA,-248.533,10.329.346
1212,16,KOTA PALEMBANG,KOTA PALEMBANG,-3,10.471.667
1213,16,KOTA PRABUMULIH,KOTA PRABUMULIH,-346.202,1.042.229
1214,16,KOTA PAGAR ALAM,KOTA PAGAR ALAM,-413.055,10.326.822
1215,16,KOTA LUBUK LINGGAU,KOTA LUBUK LINGGAU,-329.308,10.285.503
1216,17,KABUPATEN BENGKULU SELATAN,KABUPATEN BENGKULU SELATAN,-4.35,10.303.333
1217,17,KABUPATEN REJANG LEBONG,KABUPATEN REJANG LEBONG,-343.333,10.271.667
1218,17,KABUPATEN BENGKULU UTARA,KABUPATEN BENGKULU UTARA,-333.333,102.05
1219,17,KABUPATEN KAUR,KABUPATEN KAUR,-478.179,10.336.109
1220,17,KABUPATEN SELUMA,KABUPATEN SELUMA,-396.644,10.247.429
1221,17,KABUPATEN MUKOMUKO,KABUPATEN MUKOMUKO,-307.438,10.154.766
1222,17,KABUPATEN LEBONG,KABUPATEN LEBONG,-324.278,1.023.349
1223,17,KABUPATEN KEPAHIANG,KABUPATEN KEPAHIANG,-360.194,10.256.424
1224,17,KABUPATEN BENGKULU TENGAH,KABUPATEN BENGKULU TENGAH,-320.679,10.212.616
1225,17,KOTA BENGKULU,KOTA BENGKULU,-381.667,10.231.667
1226,18,KABUPATEN LAMPUNG BARAT,KABUPATEN LAMPUNG BARAT,-514.904,10.419.309
1227,18,KABUPATEN TANGGAMUS,KABUPATEN TANGGAMUS,-538.508,10.462.349
1228,18,KABUPATEN LAMPUNG SELATAN,KABUPATEN LAMPUNG SELATAN,-54.531,1.049.877
1229,18,KABUPATEN LAMPUNG TIMUR,KABUPATEN LAMPUNG TIMUR,-510.273,10.568.003
1230,18,KABUPATEN LAMPUNG TENGAH,KABUPATEN LAMPUNG TENGAH,-486.667,10.526.667
1231,18,KABUPATEN LAMPUNG UTARA,KABUPATEN LAMPUNG UTARA,-481.667,104.8
1232,18,KABUPATEN WAY KANAN,KABUPATEN WAY KANAN,-444.705,10.452.753
1233,18,KABUPATEN TULANGBAWANG,KABUPATEN TULANGBAWANG,-420.604,10.557.999
1234,18,KABUPATEN PESAWARAN,KABUPATEN PESAWARAN,-54.298,10.517.899
1235,18,KABUPATEN PRINGSEWU,KABUPATEN PRINGSEWU,-542.211,10.493.454
1236,18,KABUPATEN MESUJI,KABUPATEN MESUJI,-40.439,1.054.013
1237,18,KABUPATEN TULANG BAWANG BARAT,KABUPATEN TULANG BAWANG BARAT,-443.975,1.050.444
1238,18,KABUPATEN PESISIR BARAT,KABUPATEN PESISIR BARAT,-519.323,10.393.976
1239,18,KOTA BANDAR LAMPUNG,KOTA BANDAR LAMPUNG,-541.667,105.25
1240,18,KOTA METRO,KOTA METRO,-511.856,10.529.949
1241,19,KABUPATEN BANGKA,KABUPATEN BANGKA,-191.667,10.593.333
1242,19,KABUPATEN BELITUNG,KABUPATEN BELITUNG,-286.667,107.7
1243,19,KABUPATEN BANGKA BARAT,KABUPATEN BANGKA BARAT,-195.839,10.553.741
1244,19,KABUPATEN BANGKA TENGAH,KABUPATEN BANGKA TENGAH,-233.989,1.061.142
1245,19,KABUPATEN BANGKA SELATAN,KABUPATEN BANGKA SELATAN,-266.803,10.601.257
1246,19,KABUPATEN BELITUNG TIMUR,KABUPATEN BELITUNG TIMUR,-29.627,10.815.216
1247,19,KOTA PANGKAL PINANG,KOTA PANGKAL PINANG,-213.333,10.613.333
1248,21,KABUPATEN KARIMUN,KABUPATEN KARIMUN,0.80764,10.341.911
1249,21,KABUPATEN BINTAN,KABUPATEN BINTAN,0.95,10.461.944
1250,21,KABUPATEN NATUNA,KABUPATEN NATUNA,471.417,10.797.639
1251,21,KABUPATEN LINGGA,KABUPATEN LINGGA,0.2,10.461.667
1252,21,KABUPATEN KEPULAUAN ANAMBAS,KABUPATEN KEPULAUAN ANAMBAS,3,106
1253,21,KOTA BATAM,KOTA BATAM,105.211,10.402.851
1254,21,KOTA TANJUNG PINANG,KOTA TANJUNG PINANG,0.91683,10.444.329
1255,31,KABUPATEN KEPULAUAN SERIBU,KABUPATEN KEPULAUAN SERIBU,-55.985,10.655.271
1256,31,KOTA JAKARTA SELATAN,KOTA JAKARTA SELATAN,-6.266,1.068.135
1257,31,KOTA JAKARTA TIMUR,KOTA JAKARTA TIMUR,-62.521,106.884
1258,31,KOTA JAKARTA PUSAT,KOTA JAKARTA PUSAT,-61.777,1.068.403
1259,31,KOTA JAKARTA BARAT,KOTA JAKARTA BARAT,-61.676,1.067.673
1260,31,KOTA JAKARTA UTARA,KOTA JAKARTA UTARA,-61.339,1.068.823
1261,32,KABUPATEN BOGOR,KABUPATEN BOGOR,-658.333,10.671.667
1262,32,KABUPATEN SUKABUMI,KABUPATEN SUKABUMI,-706.667,106.7
1263,32,KABUPATEN CIANJUR,KABUPATEN CIANJUR,-67.725,10.708.306
1264,32,KABUPATEN BANDUNG,KABUPATEN BANDUNG,-7.1,107.6
1265,32,KABUPATEN GARUT,KABUPATEN GARUT,-738.333,10.776.667
1266,32,KABUPATEN TASIKMALAYA,KABUPATEN TASIKMALAYA,-7.5,10.813.333
1267,32,KABUPATEN CIAMIS,KABUPATEN CIAMIS,-728.333,10.841.667
1268,32,KABUPATEN KUNINGAN,KABUPATEN KUNINGAN,-7,108.55
1269,32,KABUPATEN CIREBON,KABUPATEN CIREBON,-6.8,10.856.667
1270,32,KABUPATEN MAJALENGKA,KABUPATEN MAJALENGKA,-681.667,10.828.333
1271,32,KABUPATEN SUMEDANG,KABUPATEN SUMEDANG,-681.667,10.798.333
1272,32,KABUPATEN INDRAMAYU,KABUPATEN INDRAMAYU,-6.45,10.816.667
1273,32,KABUPATEN SUBANG,KABUPATEN SUBANG,-650.833,1.077.025
1274,32,KABUPATEN PURWAKARTA,KABUPATEN PURWAKARTA,-658.333,107.45
1275,32,KABUPATEN KARAWANG,KABUPATEN KARAWANG,-626.667,10.741.667
1276,32,KABUPATEN BEKASI,KABUPATEN BEKASI,-624.667,10.710.833
1277,32,KABUPATEN BANDUNG BARAT,KABUPATEN BANDUNG BARAT,-683.333,10.748.333
1278,32,KABUPATEN PANGANDARAN,KABUPATEN PANGANDARAN,-76.673,10.864.037
1279,32,KOTA BOGOR,KOTA BOGOR,-659.167,106.8
1280,32,KOTA SUKABUMI,KOTA SUKABUMI,-6.95,10.693.333
1281,32,KOTA BANDUNG,KOTA BANDUNG,-69.175,10.762.444
1282,32,KOTA CIREBON,KOTA CIREBON,-6.75,108.55
1283,32,KOTA BEKASI,KOTA BEKASI,-628.333,10.698.333
1284,32,KOTA DEPOK,KOTA DEPOK,-6.4,10.681.667
1285,32,KOTA CIMAHI,KOTA CIMAHI,-689.167,107.55
1286,32,KOTA TASIKMALAYA,KOTA TASIKMALAYA,-7.35,10.821.667
1287,32,KOTA BANJAR,KOTA BANJAR,-736.996,10.853.209
1288,33,KABUPATEN CILACAP,KABUPATEN CILACAP,-757.417,10.898.861
1289,33,KABUPATEN BANYUMAS,KABUPATEN BANYUMAS,-7.45,10.916.667
1290,33,KABUPATEN PURBALINGGA,KABUPATEN PURBALINGGA,-728.417,10.935.028
1291,33,KABUPATEN BANJARNEGARA,KABUPATEN BANJARNEGARA,-735.111,1.095.875
1292,33,KABUPATEN KEBUMEN,KABUPATEN KEBUMEN,-763.917,10.966.056
1293,33,KABUPATEN PURWOREJO,KABUPATEN PURWOREJO,-7.7,10.996.667
1294,33,KABUPATEN WONOSOBO,KABUPATEN WONOSOBO,-736.139,10.992.667
1295,33,KABUPATEN MAGELANG,KABUPATEN MAGELANG,-74.275,11.016.194
1296,33,KABUPATEN BOYOLALI,KABUPATEN BOYOLALI,-7.5,110.7
1297,33,KABUPATEN KLATEN,KABUPATEN KLATEN,-768.333,11.061.667
1298,33,KABUPATEN SUKOHARJO,KABUPATEN SUKOHARJO,-768.333,11.083.333
1299,33,KABUPATEN WONOGIRI,KABUPATEN WONOGIRI,-791.667,111
1300,33,KABUPATEN KARANGANYAR,KABUPATEN KARANGANYAR,-762.806,1.110.625
1301,33,KABUPATEN SRAGEN,KABUPATEN SRAGEN,-741.278,110.935
1302,33,KABUPATEN GROBOGAN,KABUPATEN GROBOGAN,-711.667,11.091.667
1303,33,KABUPATEN BLORA,KABUPATEN BLORA,-706.667,11.138.333
1304,33,KABUPATEN REMBANG,KABUPATEN REMBANG,-678.333,11.146.667
1305,33,KABUPATEN PATI,KABUPATEN PATI,-676.667,111.1
1306,33,KABUPATEN KUDUS,KABUPATEN KUDUS,-6.8,11.086.667
1307,33,KABUPATEN JEPARA,KABUPATEN JEPARA,-658.333,11.076.667
1308,33,KABUPATEN DEMAK,KABUPATEN DEMAK,-68.993,1.106.122
1309,33,KABUPATEN SEMARANG,KABUPATEN SEMARANG,-720.667,11.044.139
1310,33,KABUPATEN TEMANGGUNG,KABUPATEN TEMANGGUNG,-7.25,11.011.667
1311,33,KABUPATEN KENDAL,KABUPATEN KENDAL,-70.256,1.101.685
1312,33,KABUPATEN BATANG,KABUPATEN BATANG,-703.333,10.988.333
1313,33,KABUPATEN PEKALONGAN,KABUPATEN PEKALONGAN,-70.319,109.624
1314,33,KABUPATEN PEMALANG,KABUPATEN PEMALANG,-703.333,109.4
1315,33,KABUPATEN TEGAL,KABUPATEN TEGAL,-703.333,10.916.667
1316,33,KABUPATEN BREBES,KABUPATEN BREBES,-7.05,108.9
1317,33,KOTA MAGELANG,KOTA MAGELANG,-7.5,110.225
1318,33,KOTA SURAKARTA,KOTA SURAKARTA,-7.55,11.081.667
1319,33,KOTA SALATIGA,KOTA SALATIGA,-733.278,11.048.333
1320,33,KOTA SEMARANG,KOTA SEMARANG,-703.333,11.038.333
1321,33,KOTA PEKALONGAN,KOTA PEKALONGAN,-6.9,10.968.333
1322,33,KOTA TEGAL,KOTA TEGAL,-68.686,1.091.129
1323,34,KABUPATEN KULON PROGO,KABUPATEN KULON PROGO,-7.645,11.002.694
1324,34,KABUPATEN BANTUL,KABUPATEN BANTUL,-7.9,11.036.667
1325,34,KABUPATEN GUNUNG KIDUL,KABUPATEN GUNUNG KIDUL,-798.333,11.061.667
1326,34,KABUPATEN SLEMAN,KABUPATEN SLEMAN,-768.167,11.032.333
1327,34,KOTA YOGYAKARTA,KOTA YOGYAKARTA,-7.8,110.375
1328,35,KABUPATEN PACITAN,KABUPATEN PACITAN,-813.333,11.116.667
1329,35,KABUPATEN PONOROGO,KABUPATEN PONOROGO,-793.333,111.5
1330,35,KABUPATEN TRENGGALEK,KABUPATEN TRENGGALEK,-816.667,11.161.667
1331,35,KABUPATEN TULUNGAGUNG,KABUPATEN TULUNGAGUNG,-811.667,11.191.667
1332,35,KABUPATEN BLITAR,KABUPATEN BLITAR,-813.333,112.25
1333,35,KABUPATEN KEDIRI,KABUPATEN KEDIRI,-783.333,11.216.667
1334,35,KABUPATEN MALANG,KABUPATEN MALANG,-816.667,11.266.667
1335,35,KABUPATEN LUMAJANG,KABUPATEN LUMAJANG,-811.667,113.15
1336,35,KABUPATEN JEMBER,KABUPATEN JEMBER,-8.25,113.65
1337,35,KABUPATEN BANYUWANGI,KABUPATEN BANYUWANGI,-833.333,114.2
1338,35,KABUPATEN BONDOWOSO,KABUPATEN BONDOWOSO,-79.404,1.139.834
1339,35,KABUPATEN SITUBONDO,KABUPATEN SITUBONDO,-771.667,114.05
1340,35,KABUPATEN PROBOLINGGO,KABUPATEN PROBOLINGGO,-786.667,11.331.667
1341,35,KABUPATEN PASURUAN,KABUPATEN PASURUAN,-773.333,11.283.333
1342,35,KABUPATEN SIDOARJO,KABUPATEN SIDOARJO,-7.45,112.7
1343,35,KABUPATEN MOJOKERTO,KABUPATEN MOJOKERTO,-7.55,112.5
1344,35,KABUPATEN JOMBANG,KABUPATEN JOMBANG,-7.55,112.25
1345,35,KABUPATEN NGANJUK,KABUPATEN NGANJUK,-7.6,11.193.333
1346,35,KABUPATEN MADIUN,KABUPATEN MADIUN,-761.667,111.65
1347,35,KABUPATEN MAGETAN,KABUPATEN MAGETAN,-764.472,11.135.917
1348,35,KABUPATEN NGAWI,KABUPATEN NGAWI,-747.444,11.133.444
1349,35,KABUPATEN BOJONEGORO,KABUPATEN BOJONEGORO,-7.25,111.8
1350,35,KABUPATEN TUBAN,KABUPATEN TUBAN,-696.667,111.9
1351,35,KABUPATEN LAMONGAN,KABUPATEN LAMONGAN,-713.333,11.231.667
1352,35,KABUPATEN GRESIK,KABUPATEN GRESIK,-71.933,112.553
1353,35,KABUPATEN BANGKALAN,KABUPATEN BANGKALAN,-7.05,11.293.333
1354,35,KABUPATEN SAMPANG,KABUPATEN SAMPANG,-7.05,113.25
1355,35,KABUPATEN PAMEKASAN,KABUPATEN PAMEKASAN,-706.667,113.5
1356,35,KABUPATEN SUMENEP,KABUPATEN SUMENEP,-711.667,11.433.333
1357,35,KOTA KEDIRI,KOTA KEDIRI,-783.333,11.201.667
1358,35,KOTA BLITAR,KOTA BLITAR,-8.1,11.216.667
1359,35,KOTA MALANG,KOTA MALANG,-7.975,11.263.333
1360,35,KOTA PROBOLINGGO,KOTA PROBOLINGGO,-778.333,11.321.667
1361,35,KOTA PASURUAN,KOTA PASURUAN,-7.65,112.9
1362,35,KOTA MOJOKERTO,KOTA MOJOKERTO,-746.667,11.243.333
1363,35,KOTA MADIUN,KOTA MADIUN,-763.333,11.153.333
1364,35,KOTA SURABAYA,KOTA SURABAYA,-726.667,11.271.667
1365,35,KOTA BATU,KOTA BATU,-783.272,11.253.751
1366,36,KABUPATEN PANDEGLANG,KABUPATEN PANDEGLANG,-663.333,105.75
1367,36,KABUPATEN LEBAK,KABUPATEN LEBAK,-6.65,10.621.667
1368,36,KABUPATEN TANGERANG,KABUPATEN TANGERANG,-6.2,10.646.667
1369,36,KABUPATEN SERANG,KABUPATEN SERANG,-6.15,106
1370,36,KOTA TANGERANG,KOTA TANGERANG,-617.944,10.662.991
1371,36,KOTA CILEGON,KOTA CILEGON,-601.667,10.601.667
1372,36,KOTA SERANG,KOTA SERANG,-612.563,10.614.999
1373,36,KOTA TANGERANG SELATAN,KOTA TANGERANG SELATAN,-629.373,10.671.244
1374,51,KABUPATEN JEMBRANA,KABUPATEN JEMBRANA,-8.3,11.466.667
1375,51,KABUPATEN TABANAN,KABUPATEN TABANAN,-843.333,11.506.667
1376,51,KABUPATEN BADUNG,KABUPATEN BADUNG,-851.667,115.2
1377,51,KABUPATEN GIANYAR,KABUPATEN GIANYAR,-846.667,11.528.333
1378,51,KABUPATEN KLUNGKUNG,KABUPATEN KLUNGKUNG,-8.55,115.4
1379,51,KABUPATEN BANGLI,KABUPATEN BANGLI,-828.333,115.35
1380,51,KABUPATEN KARANG ASEM,KABUPATEN KARANG ASEM,-83.891,1.155.393
1381,51,KABUPATEN BULELENG,KABUPATEN BULELENG,-8.25,11.496.667
1382,51,KOTA DENPASAR,KOTA DENPASAR,-866.667,11.521.663
1383,52,KABUPATEN LOMBOK BARAT,KABUPATEN LOMBOK BARAT,-869.583,11.611.667
1384,52,KABUPATEN LOMBOK TENGAH,KABUPATEN LOMBOK TENGAH,-8.7,116.3
1385,52,KABUPATEN LOMBOK TIMUR,KABUPATEN LOMBOK TIMUR,-853.333,11.653.333
1386,52,KABUPATEN SUMBAWA,KABUPATEN SUMBAWA,-87.439,1.173.324
1387,52,KABUPATEN DOMPU,KABUPATEN DOMPU,-85.094,1.184.816
1388,52,KABUPATEN BIMA,KABUPATEN BIMA,-8.6,11.861.667
1389,52,KABUPATEN SUMBAWA BARAT,KABUPATEN SUMBAWA BARAT,-875.159,11.692.132
1390,52,KABUPATEN LOMBOK UTARA,KABUPATEN LOMBOK UTARA,-835.214,11.640.152
1391,52,KOTA MATARAM,KOTA MATARAM,-85.833,1.161.167
1392,52,KOTA BIMA,KOTA BIMA,-846.728,11.875.259
1393,53,KABUPATEN SUMBA BARAT,KABUPATEN SUMBA BARAT,-956.667,119.45
1394,53,KABUPATEN SUMBA TIMUR,KABUPATEN SUMBA TIMUR,-988.333,120.25
1395,53,KABUPATEN KUPANG,KABUPATEN KUPANG,-991.667,12.383.333
1396,53,KABUPATEN TIMOR TENGAH SELATAN,KABUPATEN TIMOR TENGAH SELATAN,-983.333,124.4
1397,53,KABUPATEN TIMOR TENGAH UTARA,KABUPATEN TIMOR TENGAH UTARA,-933.136,12.451.904
1398,53,KABUPATEN BELU,KABUPATEN BELU,-941.258,12.495.066
1399,53,KABUPATEN ALOR,KABUPATEN ALOR,-8.3,12.456.667
1400,53,KABUPATEN LEMBATA,KABUPATEN LEMBATA,-841.396,12.355.225
1401,53,KABUPATEN FLORES TIMUR,KABUPATEN FLORES TIMUR,-824.224,12.296.817
1402,53,KABUPATEN SIKKA,KABUPATEN SIKKA,-866.667,12.236.667
1403,53,KABUPATEN ENDE,KABUPATEN ENDE,-884.056,12.166.389
1404,53,KABUPATEN NGADA,KABUPATEN NGADA,-866.667,121
1405,53,KABUPATEN MANGGARAI,KABUPATEN MANGGARAI,-856.667,12.041.667
1406,53,KABUPATEN ROTE NDAO,KABUPATEN ROTE NDAO,-1.073.617,12.312.054
1407,53,KABUPATEN MANGGARAI BARAT,KABUPATEN MANGGARAI BARAT,-864.484,11.988.281
1408,53,KABUPATEN SUMBA TENGAH,KABUPATEN SUMBA TENGAH,-962.941,11.961.914
1409,53,KABUPATEN SUMBA BARAT DAYA,KABUPATEN SUMBA BARAT DAYA,-956.216,11.908.905
1410,53,KABUPATEN NAGEKEO,KABUPATEN NAGEKEO,-88.721,12.120.963
1411,53,KABUPATEN MANGGARAI TIMUR,KABUPATEN MANGGARAI TIMUR,-855.533,12.059.761
1412,53,KABUPATEN SABU RAIJUA,KABUPATEN SABU RAIJUA,-1.056.286,12.178.894
1413,53,KABUPATEN MALAKA,KABUPATEN MALAKA,-95.632,12.489.481
1414,53,KOTA KUPANG,KOTA KUPANG,-1.021.667,123.6
1415,61,KABUPATEN SAMBAS,KABUPATEN SAMBAS,141.667,10.933.333
1416,61,KABUPATEN BENGKAYANG,KABUPATEN BENGKAYANG,106.911,10.966.393
1417,61,KABUPATEN LANDAK,KABUPATEN LANDAK,0.42373,10.975.917
1418,61,KABUPATEN MEMPAWAH,KABUPATEN MEMPAWAH,0.25,10.916.667
1419,61,KABUPATEN SANGGAU,KABUPATEN SANGGAU,0.25472,110.45
1420,61,KABUPATEN KETAPANG,KABUPATEN KETAPANG,-158.333,110.5
1421,61,KABUPATEN SINTANG,KABUPATEN SINTANG,-0.08333,11.208.333
1422,61,KABUPATEN KAPUAS HULU,KABUPATEN KAPUAS HULU,0.81667,11.276.667
1423,61,KABUPATEN SEKADAU,KABUPATEN SEKADAU,0.03485,11.095.066
1424,61,KABUPATEN MELAWI,KABUPATEN MELAWI,-0.33617,111.698
1425,61,KABUPATEN KAYONG UTARA,KABUPATEN KAYONG UTARA,-143.711,11.079.781
1426,61,KABUPATEN KUBU RAYA,KABUPATEN KUBU RAYA,0.01637,10.933.731
1427,61,KOTA PONTIANAK,KOTA PONTIANAK,-0.08333,10.936.667
1428,61,KOTA SINGKAWANG,KOTA SINGKAWANG,0.90734,10.900.103
1429,62,KABUPATEN KOTAWARINGIN BARAT,KABUPATEN KOTAWARINGIN BARAT,-2.4,11.173.333
1430,62,KABUPATEN KOTAWARINGIN TIMUR,KABUPATEN KOTAWARINGIN TIMUR,-208.333,112.75
1431,62,KABUPATEN KAPUAS,KABUPATEN KAPUAS,-201.667,11.438.333
1432,62,KABUPATEN BARITO SELATAN,KABUPATEN BARITO SELATAN,-186.667,11.473.333
1433,62,KABUPATEN BARITO UTARA,KABUPATEN BARITO UTARA,-0.98333,115.1
1434,62,KABUPATEN SUKAMARA,KABUPATEN SUKAMARA,-262.675,11.123.681
1435,62,KABUPATEN LAMANDAU,KABUPATEN LAMANDAU,-183.828,1.112.869
1436,62,KABUPATEN SERUYAN,KABUPATEN SERUYAN,-233.333,112.25
1437,62,KABUPATEN KATINGAN,KABUPATEN KATINGAN,-206.667,113.4
1438,62,KABUPATEN PULANG PISAU,KABUPATEN PULANG PISAU,-311.858,1.138.623
1439,62,KABUPATEN GUNUNG MAS,KABUPATEN GUNUNG MAS,-0.95,113.5
1440,62,KABUPATEN BARITO TIMUR,KABUPATEN BARITO TIMUR,-193.333,115.1
1441,62,KABUPATEN MURUNG RAYA,KABUPATEN MURUNG RAYA,-0.01667,11.426.667
1442,62,KOTA PALANGKA RAYA,KOTA PALANGKA RAYA,-176.979,11.373.126
1443,63,KABUPATEN TANAH LAUT,KABUPATEN TANAH LAUT,-388.333,11.486.667
1444,63,KABUPATEN KOTA BARU,KABUPATEN KOTA BARU,-3,116
1445,63,KABUPATEN BANJAR,KABUPATEN BANJAR,-331.667,11.508.333
1446,63,KABUPATEN BARITO KUALA,KABUPATEN BARITO KUALA,-308.333,11.461.667
1447,63,KABUPATEN TAPIN,KABUPATEN TAPIN,-291.667,11.503.333
1448,63,KABUPATEN HULU SUNGAI SELATAN,KABUPATEN HULU SUNGAI SELATAN,-2.75,115.2
1449,63,KABUPATEN HULU SUNGAI TENGAH,KABUPATEN HULU SUNGAI TENGAH,-261.667,11.541.667
1450,63,KABUPATEN HULU SUNGAI UTARA,KABUPATEN HULU SUNGAI UTARA,-2.45,11.513.333
1451,63,KABUPATEN TABALONG,KABUPATEN TABALONG,-188.333,115.5
1452,63,KABUPATEN TANAH BUMBU,KABUPATEN TANAH BUMBU,-345.413,11.570.372
1453,63,KABUPATEN BALANGAN,KABUPATEN BALANGAN,-232.314,11.562.922
1454,63,KOTA BANJARMASIN,KOTA BANJARMASIN,-332.444,11.459.102
1455,63,KOTA BANJAR BARU,KOTA BANJAR BARU,-341.667,11.483.333
1456,64,KABUPATEN PASER,KABUPATEN PASER,-143.517,11.623.535
1457,64,KABUPATEN KUTAI BARAT,KABUPATEN KUTAI BARAT,-0.59417,11.551.575
1458,64,KABUPATEN KUTAI KARTANEGARA,KABUPATEN KUTAI KARTANEGARA,-0.44019,11.698.139
1459,64,KABUPATEN KUTAI TIMUR,KABUPATEN KUTAI TIMUR,103.769,11.783.112
1460,64,KABUPATEN BERAU,KABUPATEN BERAU,2,117.3
1461,64,KABUPATEN PENAJAM PASER UTARA,KABUPATEN PENAJAM PASER UTARA,-1.25,11.683.333
1462,64,KABUPATEN MAHAKAM HULU,KABUPATEN MAHAKAM HULU,0.37822,11.538.048
1463,64,KOTA BALIKPAPAN,KOTA BALIKPAPAN,-116.667,11.688.333
1464,64,KOTA SAMARINDA,KOTA SAMARINDA,-0.43333,11.718.333
1465,64,KOTA BONTANG,KOTA BONTANG,0.12526,11.749.603
1466,65,KABUPATEN MALINAU,KABUPATEN MALINAU,2.45,11.568.333
1467,65,KABUPATEN BULUNGAN,KABUPATEN BULUNGAN,3,11.716.667
1468,65,KABUPATEN TANA TIDUNG,KABUPATEN TANA TIDUNG,3.55,117.25
1469,65,KABUPATEN NUNUKAN,KABUPATEN NUNUKAN,413.333,116.7
1470,65,KOTA TARAKAN,KOTA TARAKAN,336.667,117.6
1471,71,KABUPATEN BOLAANG MONGONDOW,KABUPATEN BOLAANG MONGONDOW,0.75,12.408.333
1472,71,KABUPATEN MINAHASA,KABUPATEN MINAHASA,12.537,124.83
1473,71,KABUPATEN KEPULAUAN SANGIHE,KABUPATEN KEPULAUAN SANGIHE,3.5,125.55
1474,71,KABUPATEN KEPULAUAN TALAUD,KABUPATEN KEPULAUAN TALAUD,431.178,12.678.085
1475,71,KABUPATEN MINAHASA SELATAN,KABUPATEN MINAHASA SELATAN,121.291,12.459.708
1476,71,KABUPATEN MINAHASA UTARA,KABUPATEN MINAHASA UTARA,14.025,124.96
1477,71,KABUPATEN BOLAANG MONGONDOW UTARA,KABUPATEN BOLAANG MONGONDOW UTARA,0.78527,12.341.766
1478,71,KABUPATEN SIAU TAGULANDANG BIARO,KABUPATEN SIAU TAGULANDANG BIARO,211.728,12.537.512
1479,71,KABUPATEN MINAHASA TENGGARA,KABUPATEN MINAHASA TENGGARA,105.633,1.247.925
1480,71,KABUPATEN BOLAANG MONGONDOW SELATAN,KABUPATEN BOLAANG MONGONDOW SELATAN,0.40912,12.375.961
1481,71,KABUPATEN BOLAANG MONGONDOW TIMUR,KABUPATEN BOLAANG MONGONDOW TIMUR,0.72073,12.450.256
1482,71,KOTA MANADO,KOTA MANADO,151.667,12.488.333
1483,71,KOTA BITUNG,KOTA BITUNG,148.333,125.15
1484,71,KOTA TOMOHON,KOTA TOMOHON,131.307,12.483.404
1485,71,KOTA KOTAMOBAGU,KOTA KOTAMOBAGU,0.68915,12.432.678
1486,72,KABUPATEN BANGGAI KEPULAUAN,KABUPATEN BANGGAI KEPULAUAN,-16.424,12.354.881
1487,72,KABUPATEN BANGGAI,KABUPATEN BANGGAI,-12.835,1.228.892
1488,72,KABUPATEN MOROWALI,KABUPATEN MOROWALI,-189.342,12.125.473
1489,72,KABUPATEN POSO,KABUPATEN POSO,-1.65,120.5
1490,72,KABUPATEN DONGGALA,KABUPATEN DONGGALA,-0.58333,119.85
1491,72,KABUPATEN TOLI-TOLI,KABUPATEN TOLI-TOLI,130.862,12.088.643
1492,72,KABUPATEN BUOL,KABUPATEN BUOL,0.75,120.75
1493,72,KABUPATEN PARIGI MOUTONG,KABUPATEN PARIGI MOUTONG,0.3368,12.017.841
1494,72,KABUPATEN TOJO UNA-UNA,KABUPATEN TOJO UNA-UNA,-12.036,12.148.201
1495,72,KABUPATEN SIGI,KABUPATEN SIGI,-1.385,11.996.694
1496,72,KABUPATEN BANGGAI LAUT,KABUPATEN BANGGAI LAUT,-161.841,12.349.388
1497,72,KABUPATEN MOROWALI UTARA,KABUPATEN MOROWALI UTARA,-17.207,12.124.649
1498,72,KOTA PALU,KOTA PALU,-0.86972,119.9
1499,73,KABUPATEN KEPULAUAN SELAYAR,KABUPATEN KEPULAUAN SELAYAR,-681.667,120.8
1500,73,KABUPATEN BULUKUMBA,KABUPATEN BULUKUMBA,-541.667,12.023.333
1501,73,KABUPATEN BANTAENG,KABUPATEN BANTAENG,-548.333,11.998.333
1502,73,KABUPATEN JENEPONTO,KABUPATEN JENEPONTO,-563.333,11.973.333
1503,73,KABUPATEN TAKALAR,KABUPATEN TAKALAR,-541.667,11.951.667
1504,73,KABUPATEN GOWA,KABUPATEN GOWA,-531.667,119.75
1505,73,KABUPATEN SINJAI,KABUPATEN SINJAI,-521.667,120.15
1506,73,KABUPATEN MAROS,KABUPATEN MAROS,-5.05,11.971.667
1507,73,KABUPATEN PANGKAJENE DAN KEPULAUAN,KABUPATEN PANGKAJENE DAN KEPULAUAN,-47.827,1.195.506
1508,73,KABUPATEN BARRU,KABUPATEN BARRU,-443.333,11.968.333
1509,73,KABUPATEN BONE,KABUPATEN BONE,-4.7,12.013.333
1510,73,KABUPATEN SOPPENG,KABUPATEN SOPPENG,-43.842,119.89
1511,73,KABUPATEN WAJO,KABUPATEN WAJO,-4,12.016.667
1512,73,KABUPATEN SIDENRENG RAPPANG,KABUPATEN SIDENRENG RAPPANG,-3.85,11.996.667
1513,73,KABUPATEN PINRANG,KABUPATEN PINRANG,-361.667,119.6
1514,73,KABUPATEN ENREKANG,KABUPATEN ENREKANG,-3.5,11.986.667
1515,73,KABUPATEN LUWU,KABUPATEN LUWU,-25.577,1.213.242
1516,73,KABUPATEN TANA TORAJA,KABUPATEN TANA TORAJA,-30.024,11.979.655
1517,73,KABUPATEN LUWU UTARA,KABUPATEN LUWU UTARA,-2.6,120.25
1518,73,KABUPATEN LUWU TIMUR,KABUPATEN LUWU TIMUR,-250.957,1.203.978
1519,73,KABUPATEN TORAJA UTARA,KABUPATEN TORAJA UTARA,-292.738,11.979.218
1520,73,KOTA MAKASSAR,KOTA MAKASSAR,-5.15,119.45
1521,73,KOTA PARE-PARE,KOTA PARE-PARE,-403.333,119.65
1522,73,KOTA PALOPO,KOTA PALOPO,-297.841,12.011.078
1523,74,KABUPATEN BUTON,KABUPATEN BUTON,-531.667,12.258.333
1524,74,KABUPATEN MUNA,KABUPATEN MUNA,-496.667,12.266.667
1525,74,KABUPATEN KONAWE,KABUPATEN KONAWE,-391.717,12.208.823
1526,74,KABUPATEN KOLAKA,KABUPATEN KOLAKA,-408.333,12.166.667
1527,74,KABUPATEN KONAWE SELATAN,KABUPATEN KONAWE SELATAN,-419.191,12.244.854
1528,74,KABUPATEN BOMBANA,KABUPATEN BOMBANA,-46.257,12.181.641
1529,74,KABUPATEN WAKATOBI,KABUPATEN WAKATOBI,-531.934,1.235.948
1530,74,KABUPATEN KOLAKA UTARA,KABUPATEN KOLAKA UTARA,-310.452,12.112.427
1531,74,KABUPATEN BUTON UTARA,KABUPATEN BUTON UTARA,-501.457,12.293.015
1532,74,KABUPATEN KONAWE UTARA,KABUPATEN KONAWE UTARA,-341.552,12.199.081
1533,74,KABUPATEN KOLAKA TIMUR,KABUPATEN KOLAKA TIMUR,-401.807,12.186.172
1534,74,KABUPATEN KONAWE KEPULAUAN,KABUPATEN KONAWE KEPULAUAN,-411.656,12.310.181
1535,74,KABUPATEN MUNA BARAT,KABUPATEN MUNA BARAT,-483.333,12.248.333
1536,74,KABUPATEN BUTON TENGAH,KABUPATEN BUTON TENGAH,-531.667,12.233.333
1537,74,KABUPATEN BUTON SELATAN,KABUPATEN BUTON SELATAN,-556.667,122.7
1538,74,KOTA KENDARI,KOTA KENDARI,-398.333,122.5
1539,74,KOTA BAUBAU,KOTA BAUBAU,-5.477,1.226.166
1540,75,KABUPATEN BOALEMO,KABUPATEN BOALEMO,0.62689,1.223.568
1541,75,KABUPATEN GORONTALO,KABUPATEN GORONTALO,0.5728,1.222.337
1542,75,KABUPATEN POHUWATO,KABUPATEN POHUWATO,0.7098,12.159.582
1543,75,KABUPATEN BONE BOLANGO,KABUPATEN BONE BOLANGO,0.50296,12.327.501
1544,75,KABUPATEN GORONTALO UTARA,KABUPATEN GORONTALO UTARA,0.77,12.231.667
1545,75,KOTA GORONTALO,KOTA GORONTALO,0.53333,123.1
1546,76,KABUPATEN MAJENE,KABUPATEN MAJENE,-3.15,11.886.667
1547,76,KABUPATEN POLEWALI MANDAR,KABUPATEN POLEWALI MANDAR,-3.3,11.916.667
1548,76,KABUPATEN MAMASA,KABUPATEN MAMASA,-296.492,11.930.631
1549,76,KABUPATEN MAMUJU,KABUPATEN MAMUJU,-2.5,11.941.667
1550,76,KABUPATEN MAMUJU UTARA,KABUPATEN MAMUJU UTARA,-151.639,11.942.139
1551,76,KABUPATEN MAMUJU TENGAH,KABUPATEN MAMUJU TENGAH,-28.212,1.192.662
1552,81,KABUPATEN MALUKU TENGGARA BARAT,KABUPATEN MALUKU TENGGARA BARAT,-761.186,131.38
1553,81,KABUPATEN MALUKU TENGGARA,KABUPATEN MALUKU TENGGARA,-5.75,13.273.334
1554,81,KABUPATEN MALUKU TENGAH,KABUPATEN MALUKU TENGAH,-329.167,1.289.675
1555,81,KABUPATEN BURU,KABUPATEN BURU,-332.767,12.668.413
1556,81,KABUPATEN KEPULAUAN ARU,KABUPATEN KEPULAUAN ARU,-617.059,13.446.991
1557,81,KABUPATEN SERAM BAGIAN BARAT,KABUPATEN SERAM BAGIAN BARAT,-31.027,12.842.996
1558,81,KABUPATEN SERAM BAGIAN TIMUR,KABUPATEN SERAM BAGIAN TIMUR,-339.851,13.039.166
1559,81,KABUPATEN MALUKU BARAT DAYA,KABUPATEN MALUKU BARAT DAYA,-78.296,12.617.386
1560,81,KABUPATEN BURU SELATAN,KABUPATEN BURU SELATAN,-352.187,12.659.271
1561,81,KOTA AMBON,KOTA AMBON,-3.7,12.818.333
1562,81,KOTA TUAL,KOTA TUAL,-564.301,13.274.934
1563,82,KABUPATEN HALMAHERA BARAT,KABUPATEN HALMAHERA BARAT,141.709,12.755.264
1564,82,KABUPATEN HALMAHERA TENGAH,KABUPATEN HALMAHERA TENGAH,0.48056,128.25
1565,82,KABUPATEN KEPULAUAN SULA,KABUPATEN KEPULAUAN SULA,-18.646,12.569.046
1566,82,KABUPATEN HALMAHERA SELATAN,KABUPATEN HALMAHERA SELATAN,-0.3955,12.790.833
1567,82,KABUPATEN HALMAHERA UTARA,KABUPATEN HALMAHERA UTARA,173.194,12.800.778
1568,82,KABUPATEN HALMAHERA TIMUR,KABUPATEN HALMAHERA TIMUR,133.517,12.848.627
1569,82,KABUPATEN PULAU MOROTAI,KABUPATEN PULAU MOROTAI,219.924,12.840.546
1570,82,KABUPATEN PULAU TALIABU,KABUPATEN PULAU TALIABU,-184.578,12.478.992
1571,82,KOTA TERNATE,KOTA TERNATE,0.89618,12.731.016
1572,82,KOTA TIDORE KEPULAUAN,KOTA TIDORE KEPULAUAN,0.60962,12.756.981
1573,91,KABUPATEN FAK-FAK,KABUPATEN FAK-FAK,-292.641,13.229.608
1574,91,KABUPATEN KAIMANA,KABUPATEN KAIMANA,-366.093,13.377.451
1575,91,KABUPATEN TELUK WONDAMA,KABUPATEN TELUK WONDAMA,-2.7,134.5
1576,91,KABUPATEN TELUK BINTUNI,KABUPATEN TELUK BINTUNI,-188.037,13.333.105
1577,91,KABUPATEN MANOKWARI,KABUPATEN MANOKWARI,-0.9,133.75
1578,91,KABUPATEN SORONG SELATAN,KABUPATEN SORONG SELATAN,-150.495,13.228.638
1579,91,KABUPATEN SORONG,KABUPATEN SORONG,-116.667,131.5
1580,91,KABUPATEN RAJA AMPAT,KABUPATEN RAJA AMPAT,-0.5,130
1581,91,KABUPATEN TAMBRAUW,KABUPATEN TAMBRAUW,-0.60515,13.248.962
1582,91,KABUPATEN MAYBRAT,KABUPATEN MAYBRAT,-12.155,13.235.092
1583,91,KABUPATEN MANOKWARI SELATAN,KABUPATEN MANOKWARI SELATAN,-10.798,13.396.729
1584,91,KABUPATEN PEGUNUNGAN ARFAK,KABUPATEN PEGUNUNGAN ARFAK,-0.93523,13.389.587
1585,91,KOTA SORONG,KOTA SORONG,-0.86507,13.125.153
1586,94,KABUPATEN MERAUKE,KABUPATEN MERAUKE,-766.667,13.966.667
1587,94,KABUPATEN JAYAWIJAYA,KABUPATEN JAYAWIJAYA,-408.333,13.908.333
1588,94,KABUPATEN JAYAPURA,KABUPATEN JAYAPURA,-3,139.95
1589,94,KABUPATEN NABIRE,KABUPATEN NABIRE,-354.016,13.555.511
1590,94,KABUPATEN KEPULAUAN YAPEN,KABUPATEN KEPULAUAN YAPEN,-178.773,13.627.716
1591,94,KABUPATEN BIAK NUMFOR,KABUPATEN BIAK NUMFOR,-103.333,136
1592,94,KABUPATEN PANIAI,KABUPATEN PANIAI,-3.9,13.660.001
1593,94,KABUPATEN PUNCAK JAYA,KABUPATEN PUNCAK JAYA,-367.241,13.743.896
1594,94,KABUPATEN MIMIKA,KABUPATEN MIMIKA,-454.357,13.656.555
1595,94,KABUPATEN BOVEN DIGOEL,KABUPATEN BOVEN DIGOEL,-570.519,14.036.349
1596,94,KABUPATEN MAPPI,KABUPATEN MAPPI,-649.971,13.934.441
1597,94,KABUPATEN ASMAT,KABUPATEN ASMAT,-53.795,13.846.344
1598,94,KABUPATEN YAHUKIMO,KABUPATEN YAHUKIMO,-460.403,13.958.405
1599,94,KABUPATEN PEGUNUNGAN BINTANG,KABUPATEN PEGUNUNGAN BINTANG,-452.167,14.029.541
1600,94,KABUPATEN TOLIKARA,KABUPATEN TOLIKARA,-342.661,13.741.699
1601,94,KABUPATEN SARMI,KABUPATEN SARMI,-241.667,13.908.333
1602,94,KABUPATEN KEEROM,KABUPATEN KEEROM,-3.3,14.061.667
1603,94,KABUPATEN WAROPEN,KABUPATEN WAROPEN,-2.286,13.701.837
1604,94,KABUPATEN SUPIORI,KABUPATEN SUPIORI,-0.73881,13.561.111
1605,94,KABUPATEN MAMBERAMO RAYA,KABUPATEN MAMBERAMO RAYA,-223.561,13.778.229
1606,94,KABUPATEN NDUGA,KABUPATEN NDUGA,-445.093,13.810.089
1607,94,KABUPATEN LANNY JAYA,KABUPATEN LANNY JAYA,-391.244,13.828.766
1608,94,KABUPATEN MAMBERAMO TENGAH,KABUPATEN MAMBERAMO TENGAH,-246.064,13.845.245
1609,94,KABUPATEN YALIMO,KABUPATEN YALIMO,-386.037,13.847.305
1610,94,KABUPATEN PUNCAK,KABUPATEN PUNCAK,-414.204,13.709.702
1611,94,KABUPATEN DOGIYAI,KABUPATEN DOGIYAI,-403.186,13.543.945
1612,94,KABUPATEN INTAN JAYA,KABUPATEN INTAN JAYA,-341.016,13.670.837
1613,94,KABUPATEN DEIYAI,KABUPATEN DEIYAI,-394.737,13.595.032
1614,94,KOTA JAYAPURA,KOTA JAYAPURA,-264.647,14.077.779
